CourseCategory,TotalEnrollment,TotalRevenue,AvgPrice,AvgRating,NumCourses
Data Science,916,77052.32,83.45,3.316,5
Finance,864,28106.200000000004,34.58,3.0100000000000002,5
Web Development,844,16682.15,19.042,2.846,5
Business,833,181527.58,219.798,2.6879999999999997,5
Project Management,829,169103.21000000002,203.462,3.142,5
Artificial Intelligence,829,202750.66999999998,248.82,3.036,5
Design,827,43113.72,55.274,3.162,5
Cybersecurity,819,59139.0,78.852,2.902,5
Machine Learning,819,133.38,0.156,2.6580000000000004,5
Digital Marketing,808,56261.32,77.946,3.656,5
Programming,806,77453.92,94.45599999999999,3.036,5
Marketing,806,0.0,0.0,3.722,5
